{
    "metrics": {
        "train": {
            "accuracy": 0.995777621393385,
            "f1": 0.9972652689152234
        },
        "valid": {
            "accuracy": 0.8719211822660099,
            "f1": 0.9182389937106918
        },
        "test": {
            "accuracy": 0.8399014778325123,
            "f1": 0.8989113530326595
        }
    }
}