{
    "metrics": {
        "train": {
            "accuracy": 0.9985925404644617,
            "f1": 0.9990875912408759
        },
        "valid": {
            "accuracy": 0.8768472906403941,
            "f1": 0.9235474006116208
        },
        "test": {
            "accuracy": 0.8300492610837439,
            "f1": 0.8956127080181543
        }
    }
}