{
  "train": {
    "accuracy": 0.9577762139338494,
    "precision": 0.9488734835355286,
    "recall": 0.9990875912408759,
    "f1_score": 0.9733333333333334,
    "roc_auc": 0.9988826501965188,
    "avg_precision": 0.9996738336071855
  },
  "valid": {
    "accuracy": 0.8817733990147784,
    "precision": 0.8636363636363636,
    "recall": 1.0,
    "f1_score": 0.926829268292683,
    "roc_auc": 0.8993808049535603,
    "avg_precision": 0.9525303312919657
  },
  "test": {
    "accuracy": 0.8226600985221675,
    "precision": 0.8199445983379502,
    "recall": 0.976897689768977,
    "f1_score": 0.891566265060241,
    "roc_auc": 0.870790477105963,
    "avg_precision": 0.941598499584982
  }
}