{
    "metrics": {
        "train": {
            "accuracy": 0.9985925404644617,
            "f1": 0.9990867579908675
        },
        "valid": {
            "accuracy": 0.8866995073891626,
            "f1": 0.9278996865203761
        },
        "test": {
            "accuracy": 0.8201970443349754,
            "f1": 0.8835725677830941
        }
    }
}