{
    "metrics": {
        "train": {
            "accuracy": 0.9641097818437719,
            "f1": 0.9771197846567967
        },
        "valid": {
            "accuracy": 0.9014778325123153,
            "f1": 0.9371069182389937
        },
        "test": {
            "accuracy": 0.8571428571428571,
            "f1": 0.9096573208722741
        }
    }
}