{
    "metrics": {
        "train": {
            "accuracy": 0.9950738916256158,
            "f1": 0.9968080255357957
        },
        "valid": {
            "accuracy": 0.8374384236453202,
            "f1": 0.8938906752411575
        },
        "test": {
            "accuracy": 0.8325123152709359,
            "f1": 0.8903225806451613
        }
    }
}