{
    "metrics": {
        "train": {
            "accuracy": 0.9556650246305419,
            "f1": 0.9718120805369127
        },
        "valid": {
            "accuracy": 0.9064039408866995,
            "f1": 0.9404388714733543
        },
        "test": {
            "accuracy": 0.8571428571428571,
            "f1": 0.9099378881987578
        }
    }
}