{
    "metrics": {
        "train": {
            "accuracy": 0.9936664320900774,
            "f1": 0.9958960328317373
        },
        "valid": {
            "accuracy": 0.8275862068965517,
            "f1": 0.8859934853420195
        },
        "test": {
            "accuracy": 0.8152709359605911,
            "f1": 0.8792270531400966
        }
    }
}