{
    "metrics": {
        "train": {
            "accuracy": 0.995777621393385,
            "f1": 0.9972677595628415
        },
        "valid": {
            "accuracy": 0.8620689655172413,
            "f1": 0.9119496855345912
        },
        "test": {
            "accuracy": 0.8349753694581281,
            "f1": 0.896124031007752
        }
    }
}