{
    "metrics": {
        "train": {
            "accuracy": 1.0,
            "f1": 1.0
        },
        "valid": {
            "accuracy": 0.8719211822660099,
            "f1": 0.91875
        },
        "test": {
            "accuracy": 0.8300492610837439,
            "f1": 0.890302066772655
        }
    }
}