{
    "metrics": {
        "train": {
            "accuracy": 0.9985925404644617,
            "f1": 0.9990875912408759
        },
        "valid": {
            "accuracy": 0.8916256157635468,
            "f1": 0.9316770186335404
        },
        "test": {
            "accuracy": 0.8300492610837439,
            "f1": 0.8936825885978429
        }
    }
}