{
    "metrics": {
        "train": {
            "accuracy": 1.0,
            "f1": 1.0
        },
        "valid": {
            "accuracy": 0.8669950738916257,
            "f1": 0.9174311926605505
        },
        "test": {
            "accuracy": 0.8349753694581281,
            "f1": 0.8967642526964561
        }
    }
}